config_index,HIDDEN_SIZE,NUM_LAYERS,DROPOUT,BATCH_SIZE,LEARNING_RATE,WEIGHT_DECAY,GRADIENT_CLIP,mean_epoch,mean_accuracy,mean_precision,mean_recall,mean_f1,mean_specificity,mean_roc_auc,mean_ap,mean_early_stop_ap,std_accuracy,std_precision,std_recall,std_f1,std_specificity,std_roc_auc,std_ap,std_early_stop_ap
1,64,3,0.0,64,0.001,1e-05,5.0,28.75,0.9040740740740741,0.5647755122115736,0.7759982851543361,0.6525390142690644,0.9208405817857097,0.8994733770651556,0.7335047583852915,0.7335047583852915,0.010725830434060937,0.04003335094875066,0.03184490680608903,0.02253106925853561,0.0148475685761753,0.00502132910081239,0.015118460056465345,0.015118460056465345
2,64,3,0.1,64,0.001,1e-05,5.0,29.75,0.8864814814814814,0.5102112872556236,0.7999652947901356,0.621532134767429,0.8978015601898849,0.8980358343450312,0.7314602828031388,0.7314602828031388,0.017894421862429108,0.047956066738296436,0.030051523299090006,0.03324583180741207,0.022449149333227874,0.008089577956862961,0.017705843379097204,0.017705843379097204
3,64,3,0.3,64,0.001,1e-05,5.0,28.5,0.8903703703703704,0.5175757795937118,0.8096317164788502,0.6310570815185906,0.9009443697953304,0.9045881517069799,0.7335452025970655,0.7335452025970655,0.005832598425193925,0.01759504809204443,0.025484805405283806,0.009162370183161352,0.009335485049774262,0.009660410464883815,0.014266604855261909,0.014266604855261909
4,64,4,0.0,64,0.001,1e-05,5.0,32.25,0.9042592592592592,0.5637494248131925,0.7935448309652131,0.6577760647571482,0.9187441468308293,0.9062639373608695,0.7433763303312803,0.7433763303312803,0.01014526407607492,0.03514898460272417,0.04571519858719389,0.020004399978992615,0.01552903941543805,0.009773648246577723,0.02194445443043805,0.02194445443043805
5,64,4,0.1,64,0.001,1e-05,5.0,22.25,0.882962962962963,0.5046432732781451,0.7871447819696228,0.6112690675227084,0.895492585868712,0.9081583170683423,0.7378743793477209,0.7378743793477209,0.021271859302162795,0.06117313425286616,0.05029042140015971,0.029196158513808922,0.030396764571026615,0.010579982601032427,0.012540116661894965,0.012540116661894965
6,64,4,0.3,64,0.001,1e-05,5.0,31.25,0.8794444444444445,0.49709482328967625,0.820839457782133,0.6160493053290115,0.8871266783765152,0.9075657750998614,0.7358969884090508,0.7358969884090508,0.03059163601170891,0.07020013099426661,0.031052952987562023,0.05174889978626904,0.03753869936948108,0.008562938587416129,0.024012164783188416,0.024012164783188416
7,64,5,0.0,64,0.001,1e-05,5.0,33.75,0.9094444444444444,0.5868295368572095,0.7631777723338233,0.6619417782289493,0.9285860708965334,0.9059686529496321,0.7600687882454598,0.7600687882454598,0.011671075004880549,0.044831373873329666,0.03605904424105609,0.02441778451400552,0.01621858973900093,0.009229934468819303,0.025063192725676645,0.025063192725676645
8,64,5,0.1,64,0.001,1e-05,5.0,39.0,0.912037037037037,0.5917139506711653,0.7775600195982362,0.6715905404767802,0.9296315680104912,0.9048229396144496,0.7626127641918994,0.7626127641918994,0.004162892666688247,0.015023045803432807,0.036686260576840754,0.014774192223357267,0.006554756586225232,0.008175014297956218,0.019278742686444663,0.019278742686444663
9,64,5,0.3,64,0.001,1e-05,5.0,40.25,0.8972222222222223,0.5409208287350831,0.7920647558386413,0.6417558156835653,0.9109976046760767,0.9043104664335707,0.744791893502537,0.744791893502537,0.013583052459920223,0.04351706337652053,0.02956534150340327,0.030333652839316688,0.016541851051317086,0.014081205200169554,0.018433076781440856,0.018433076781440856
10,64,6,0.0,64,0.001,1e-05,5.0,41.5,0.9105555555555555,0.5847502515103501,0.8128164298546465,0.6791372760366201,0.9233508630046011,0.9228778073693383,0.7728831990296122,0.7728831990296122,0.014304481760810447,0.04989702063025728,0.009131827985718422,0.03316460604396495,0.016700988522590228,0.009192341224525643,0.022998874703867463,0.022998874703867463
11,64,6,0.1,64,0.001,1e-05,5.0,42.0,0.8968518518518518,0.5380443735378397,0.7856136697697207,0.638345375794307,0.9114163651450884,0.904803886156399,0.7536199165872073,0.7536199165872073,0.008388704928078623,0.0281665982151014,0.024651994762627426,0.022905519129929865,0.008999329167054882,0.009948692073980438,0.022596128986849758,0.022596128986849758
12,64,6,0.3,64,0.001,1e-05,5.0,39.25,0.902962962962963,0.5610157163088081,0.7695778213294137,0.6480002126525181,0.9204197152288405,0.9089813885484964,0.7376065858420876,0.7376065858420876,0.009993138935727437,0.03617016843821011,0.023083277816559514,0.019218167984616442,0.01361883787997424,0.009162549885851202,0.016598361090407694,0.016598361090407694
13,64,7,0.0,64,0.001,1e-05,5.0,37.75,0.9101851851851852,0.5826389934627272,0.804864853829822,0.6750988100206525,0.9239814608106192,0.9257022593199721,0.7786120491012738,0.7786120491012738,0.008497020645713447,0.03270157367475047,0.03268140436713968,0.0196844005477645,0.011834244818580348,0.01476599345899904,0.03132626299925252,0.03132626299925252
14,64,7,0.1,64,0.001,1e-05,5.0,39.25,0.9044444444444444,0.5638552455608987,0.7871447819696227,0.6561925157779809,0.9197871868422862,0.9087068532201845,0.7521308284552992,0.7521308284552992,0.007027283689263103,0.024472785129008794,0.035622894451253585,0.010465373427964126,0.011749876531028011,0.016839211594043633,0.02699311661333584,0.02699311661333584
15,64,7,0.3,64,0.001,1e-05,5.0,61.0,0.8998148148148148,0.547607891105606,0.7855422178670586,0.6449183923887643,0.9147655713605749,0.9038115323254493,0.737347523738507,0.737347523738507,0.008145341828744032,0.0267860829119688,0.03247279208958143,0.02305067722702038,0.009322222990650806,0.010715888788519336,0.019535244311026243,0.019535244311026243
16,64,8,0.0,64,0.001,1e-05,5.0,46.0,0.8951851851851853,0.5327726183313377,0.8304140127388535,0.6479947796502096,0.9036671903805139,0.9231162651297403,0.7581709132041312,0.7581709132041312,0.01207354387989891,0.037112544726871505,0.024685403629810913,0.020765438418372563,0.016664930615717385,0.004839809420967283,0.03350568585665086,0.03350568585665086
17,64,8,0.1,64,0.001,1e-05,5.0,53.5,0.8996296296296297,0.5505623117689523,0.7855932549403888,0.6458258706340547,0.9145514524283895,0.9101236805013029,0.7422888796359891,0.7422888796359891,0.015461207115509384,0.05461252171827959,0.027005197890219813,0.0340447595034282,0.018790470966461154,0.012406856912565352,0.03245276957592984,0.03245276957592984
18,64,8,0.3,64,0.001,1e-05,5.0,62.75,0.8981481481481481,0.5498633717465775,0.7552057814796669,0.6338371338662309,0.9168611287788482,0.8980445374429621,0.6999287968608899,0.6999287968608899,0.01776233897523231,0.05856355582315391,0.03149597328737874,0.030392413969506215,0.02403516420664957,0.014631591036333375,0.06657637342564258,0.06657637342564258
19,64,9,0.0,64,0.001,1e-05,5.0,48.25,0.9016666666666667,0.5493755478657513,0.854360607545321,0.6684700204317009,0.9078565501438458,0.9273696372186652,0.7863133864551867,0.7863133864551867,0.011764726055013783,0.0364219332936739,0.021474718561388113,0.0324534408612282,0.011102847855797177,0.01716774607636394,0.023732240106550246,0.023732240106550246
20,64,9,0.1,64,0.001,1e-05,5.0,63.25,0.9072222222222223,0.5779635611996089,0.772844194022538,0.659888254389703,0.924819508270607,0.9015249504296411,0.7515014915493576,0.7515014915493576,0.015682900266474176,0.0564555527759231,0.03325839906630896,0.03864562893768048,0.01804592994596736,0.018605951972544,0.04025637934986896,0.04025637934986896
21,64,9,0.3,64,0.001,1e-05,5.0,62.0,0.9057407407407407,0.5735849187848565,0.7648109586803854,0.6534446479189869,0.924188559449946,0.9020498673605153,0.7322632661681678,0.7322632661681678,0.011337205825936256,0.04858989301422569,0.040234907925213455,0.018720665808855144,0.017627304517867926,0.0035770294509463907,0.01474503725061071,0.01474503725061071
22,64,10,0.0,64,0.001,1e-05,5.0,45.25,0.9011111111111111,0.5492117332563884,0.8320165768414176,0.6613598649489582,0.910156222576981,0.9168685562491223,0.762857321070847,0.762857321070847,0.011225746095475846,0.035408221810500205,0.016613018151102898,0.029524186863027248,0.01106509047265642,0.019958461850233568,0.034409839944521785,0.034409839944521785
23,64,10,0.1,64,0.001,1e-05,5.0,66.5,0.898888888888889,0.5496960721064307,0.8096010942348523,0.6523203081853284,0.9105728769581352,0.9109329980713138,0.7441027982535606,0.7441027982535606,0.020762774892009908,0.07503337747804538,0.021795450933984176,0.048378270994817764,0.02464809569210969,0.021999494392830027,0.05205807901517245,0.05205807901517245
24,64,10,0.3,64,0.001,1e-05,5.0,50.0,0.8985185185185185,0.5479021456314056,0.7679242201535195,0.6372838078812191,0.9155971250496686,0.897183031672381,0.7145814593089723,0.7145814593089723,0.012050799350036983,0.04118436841917719,0.05147585351132099,0.015343025111222073,0.01967056097633897,0.004949160337158117,0.0371890909067249,0.0371890909067249
25,128,3,0.0,64,0.001,1e-05,5.0,22.75,0.8822222222222222,0.497749011058659,0.7968112036583375,0.6115985581565998,0.8934040487432974,0.8982040659378211,0.7369130655311366,0.7369130655311366,0.01617236829018548,0.04269116999507998,0.021661753321757488,0.02972200857967885,0.02007538491896546,0.010612459008701405,0.011309460290105782,0.011309460290105782
26,128,3,0.1,64,0.001,1e-05,5.0,19.5,0.8987037037037038,0.5489957779111031,0.7823779193205945,0.643537975914472,0.913930156510409,0.9077887369725949,0.7402331786782465,0.7402331786782465,0.019573644832183403,0.06265595181527348,0.015190389035869544,0.04339310866899712,0.022680202651269223,0.007091284402180415,0.00926704610239498,0.00926704610239498
27,128,3,0.3,64,0.001,1e-05,5.0,24.75,0.88,0.48945899987594776,0.7919728891066471,0.6046949983134193,0.8915150634423865,0.9022626814102408,0.7361587131231541,0.7361587131231541,0.00911241584555357,0.022312690580883122,0.023980071103762525,0.018846508887275536,0.010851221253134534,0.005248661422256058,0.015222855582678153,0.015222855582678153
28,128,4,0.0,64,0.001,1e-05,5.0,30.0,0.9022222222222223,0.5544251097637061,0.7999550873754695,0.654312139420429,0.9156029167912769,0.9181142792160998,0.7599929181498444,0.7599929181498444,0.005769541454591544,0.019443246122547504,0.04351331359780493,0.01757147855087811,0.009301013442358508,0.015313049745728925,0.030449126812917667,0.030449126812917667
29,128,4,0.1,64,0.001,1e-05,5.0,22.25,0.8838888888888888,0.49958587794686965,0.806385758615058,0.6166934514455967,0.894032540461458,0.9053492039932537,0.7413239923236746,0.7413239923236746,0.007216680368234836,0.01905539776959859,0.02068483324136315,0.015452321854053505,0.008912156289954825,0.0033703542070764436,0.017563754907177015,0.017563754907177015
30,128,4,0.3,64,0.001,1e-05,5.0,24.75,0.8987037037037037,0.5482883132145017,0.7695880287440797,0.63913506641858,0.9156041453425271,0.9025050387122968,0.7370025662252758,0.7370025662252758,0.016666666666666656,0.05163516927950241,0.009423391754426854,0.03518502245867514,0.01948024630239151,0.011264713059846023,0.01710844737538687,0.01710844737538687
31,128,5,0.0,64,0.001,1e-05,5.0,31.0,0.8816666666666667,0.4995460241512873,0.8448575044912625,0.625809324134606,0.8864939744826394,0.9219160687598009,0.7700558401264659,0.7700558401264659,0.02482955154824344,0.060531543695979885,0.03196139795001456,0.04687384783852638,0.029328415540489938,0.010941106582404093,0.022185058578642915,0.022185058578642915
32,128,5,0.1,64,0.001,1e-05,5.0,29.75,0.9053703703703704,0.5689358878944223,0.7712008002613098,0.6538165355049985,0.9229308739843392,0.9054598273285581,0.7525990994676646,0.7525990994676646,0.00706298011871003,0.02869699667179831,0.03485096788168683,0.010604395737167784,0.01191313612221883,0.01689075500081653,0.014018930952609277,0.014018930952609277
33,128,5,0.3,64,0.001,1e-05,5.0,25.0,0.8940740740740741,0.5394077418769037,0.7951780173117753,0.6386367790921806,0.907016221088679,0.9062661164119619,0.7449232680767323,0.7449232680767323,0.02630064300712092,0.07419057107978301,0.040675542058926754,0.043223400624858056,0.03482000385100395,0.006569428269815267,0.01687518248431815,0.01687518248431815
34,128,6,0.0,64,0.001,1e-05,5.0,31.25,0.9016666666666667,0.554581956653502,0.8431732810713702,0.6674030858413088,0.9093148404778855,0.9273890768257862,0.7897354837184152,0.7897354837184152,0.020208107949190722,0.0639941227425974,0.012667551023251135,0.045720414491926764,0.023232937693764492,0.017799984979208247,0.03469599066954551,0.03469599066954551
35,128,6,0.1,64,0.001,1e-05,5.0,33.25,0.893888888888889,0.5368423295491461,0.806426588273722,0.64169108108995,0.9053452158810257,0.9136243763034468,0.7562230803682799,0.7562230803682799,0.027764605930541846,0.07516825286203664,0.013662061782866022,0.05342279395625875,0.03290229498232282,0.014213419048180386,0.019527824136387695,0.019527824136387695
36,128,6,0.3,64,0.001,1e-05,5.0,33.0,0.9031481481481481,0.5626839556175873,0.7952188469704393,0.656456667786707,0.9172812933064316,0.9087448829881629,0.7436571841320168,0.7436571841320168,0.014595600366843004,0.05349317879558959,0.05036152063657009,0.02726539938071359,0.02151600633513959,0.012247320290907757,0.03094435196751775,0.03094435196751775
37,128,7,0.0,64,0.001,1e-05,5.0,39.75,0.895,0.5317651110668674,0.839957945451576,0.6502589195500155,0.9021974920705791,0.9219050948657082,0.7700090192927075,0.7700090192927075,0.012634281030431505,0.03785907707757673,0.02192129062814432,0.023629132669674778,0.01644392307099527,0.005333780455828995,0.018643292887678575,0.018643292887678575
38,128,7,0.1,64,0.001,1e-05,5.0,36.5,0.9009259259259259,0.5682256565020882,0.7951678098971093,0.6568636802267709,0.914764869331289,0.9155433888239317,0.768755644538316,0.768755644538316,0.03364395735468358,0.10282356852128868,0.0320798738984175,0.06414929363234517,0.041652947729737815,0.013550187575418642,0.02172227270192875,0.02172227270192875
39,128,7,0.3,64,0.001,1e-05,5.0,31.5,0.8924074074074073,0.5306286885095919,0.7967499591703413,0.6345193961024431,0.9049225942509418,0.9102731395251482,0.7408579094689156,0.7408579094689156,0.023829719046409632,0.06423865930848113,0.029701455611509088,0.0443915897647288,0.029092412523504405,0.006177669774524901,0.01952348800322251,0.01952348800322251
40,128,8,0.0,64,0.001,1e-05,5.0,32.0,0.8981481481481483,0.541466953704116,0.8527886656867548,0.6611771633834145,0.9040803346152388,0.9290155468571386,0.7722469550911729,0.7722469550911729,0.015892874115312667,0.04894206157622482,0.009285643474309801,0.03312781136424359,0.01915580857544822,0.01143671157594245,0.02289506163693056,0.02289506163693056
41,128,8,0.1,64,0.001,1e-05,5.0,44.0,0.9031481481481481,0.5591466708099884,0.7871549893842886,0.6532861000031069,0.9183257373764603,0.9036316148164278,0.7564892859685739,0.7564892859685739,0.010288477358024998,0.03522658267946714,0.03594808182642838,0.029422718579077238,0.011068938418128746,0.020506635190707095,0.03323500900793409,0.03323500900793409
42,128,8,0.3,64,0.001,1e-05,5.0,41.25,0.9114814814814816,0.5940639269406393,0.7680058794708475,0.668708209693373,0.93026585147026,0.9122374703083432,0.7486463785710471,0.7486463785710471,0.012417077492029777,0.05318017666316224,0.015891813715471347,0.030975378891781633,0.015109562138309947,0.011703906818543964,0.02624755960672525,0.02624755960672525
43,128,9,0.0,64,0.001,1e-05,5.0,52.5,0.8987037037037038,0.5426601734913393,0.7810101257553487,0.6402520552013004,0.9141342715252709,0.9045374414382861,0.7470046807386148,0.7470046807386148,0.01679783773399789,0.04993670890575779,0.08976677247219712,0.06475012966722532,0.007691157925205429,0.05248977245960719,0.071631093379245,0.071631093379245
44,128,9,0.1,64,0.001,1e-05,5.0,56.5,0.9005555555555556,0.5530535282894096,0.7774783602809081,0.6446087516212896,0.9166445527441622,0.8916801089237615,0.7224263697228451,0.7224263697228451,0.010976551471800119,0.038392408756374195,0.051309924469274036,0.01978809226023618,0.017451854605926628,0.02551287481265776,0.07063482506533197,0.07063482506533197
45,128,9,0.3,64,0.001,1e-05,5.0,49.5,0.8962962962962964,0.5401403073393244,0.7855932549403888,0.6386658143120371,0.9107843632804986,0.9062808866192783,0.7513371737254665,0.7513371737254665,0.01728747759428576,0.05920044723951406,0.012409725688211876,0.03942825343059055,0.01987849257231266,0.01881480104586387,0.033367686091284855,0.033367686091284855
46,128,10,0.0,64,0.001,1e-05,5.0,55.0,0.9014814814814816,0.5535455054621455,0.8512065164135227,0.6690873320012911,0.9080657548710303,0.9229698578243629,0.7654928599929255,0.7654928599929255,0.021323385883836154,0.061224305576706266,0.02413817685862484,0.04555883031458397,0.02461866679107791,0.019002939389928027,0.04095273912291143,0.04095273912291143
47,128,10,0.1,64,0.001,1e-05,5.0,54.25,0.9001851851851852,0.5552400074414507,0.7552670259676629,0.6373657797553177,0.9191627317925195,0.8920116512902109,0.7224523051227372,0.7224523051227372,0.01294884592859484,0.04971344778555071,0.05768544454952446,0.02310913097470165,0.020575366795969913,0.015353410611463756,0.03243189668151716,0.03243189668151716
48,128,10,0.3,64,0.001,1e-05,5.0,56.25,0.9070370370370371,0.5816008146591751,0.7456720561816103,0.6510426885376295,0.928168538978772,0.8920248769227435,0.7274774994170434,0.7274774994170434,0.013530774082785468,0.05185343898791126,0.04832223020648759,0.02476994024463021,0.020285661977733422,0.02321927395200606,0.05300799257769529,0.05300799257769529
49,256,3,0.0,64,0.001,1e-05,5.0,27.75,0.8861111111111112,0.517585168242012,0.8144189939572106,0.6286265321325543,0.8955022387713926,0.910460058699261,0.7594909540417876,0.7594909540417876,0.033173140450835054,0.07937255054180614,0.04007297878082846,0.05570019552779632,0.041138798818523954,0.009588779778721036,0.010429987121285839,0.010429987121285839
50,256,3,0.1,64,0.001,1e-05,5.0,19.5,0.9074074074074074,0.5762228304963908,0.759993058958027,0.6550896329231599,0.9267014732786593,0.9015075490922619,0.7435756455804999,0.7435756455804999,0.0032003657769914995,0.014059502594803779,0.030356320362451575,0.009900924544475522,0.006174936942232638,0.008081282836670648,0.013645216712477055,0.013645216712477055
51,256,3,0.3,64,0.001,1e-05,5.0,26.25,0.8818518518518519,0.5021793997269671,0.7839906908378247,0.6087366278232988,0.8946633137747975,0.9020257164724634,0.7468438727106784,0.7468438727106784,0.025642186319620154,0.06157938071986433,0.047264999069161935,0.03776622761217373,0.03433870998849907,0.008918568958444726,0.01580915200096142,0.01580915200096142
52,256,4,0.0,64,0.001,1e-05,5.0,26.5,0.9031481481481481,0.5579514786923553,0.8303731830801895,0.665476656218429,0.9126693119130157,0.9215596263386971,0.774169503052881,0.774169503052881,0.010054719970739406,0.03854334309071614,0.04962353580376237,0.012702870163737452,0.017378133908896316,0.009541425303667245,0.027594636057697047,0.027594636057697047
53,256,4,0.1,64,0.001,1e-05,5.0,27.0,0.8987037037037037,0.5431459498172448,0.8127551853666504,0.6502844757261501,0.9099471933571182,0.9080431601235315,0.7545074142082488,0.7545074142082488,0.007659297466294357,0.026180228584091348,0.03434576066702882,0.01201986729458228,0.01241742973735432,0.010640957755479045,0.020997151044645647,0.020997151044645647
54,256,4,0.3,64,0.001,1e-05,5.0,22.0,0.8901851851851852,0.5185497676693569,0.7823983341499264,0.6231537602412859,0.9042953310840316,0.8989617237281906,0.7420334857074214,0.7420334857074214,0.010909697091414981,0.03198397251152292,0.015717191355585625,0.022356114811301467,0.013248200858039823,0.00925156313506568,0.01482640239176236,0.01482640239176236
55,256,5,0.0,64,0.001,1e-05,5.0,23.5,0.9025925925925926,0.5568884415650502,0.838365588763678,0.6678566661978032,0.9109912864125039,0.9296040140417823,0.7914264259659962,0.7914264259659962,0.018880414463067596,0.05950958601715272,0.018007974067899692,0.043831686605429396,0.021237006616301842,0.017502942727328767,0.03013516443659766,0.03013516443659766
56,256,5,0.1,64,0.001,1e-05,5.0,30.25,0.9114814814814816,0.5886741742016823,0.8015780663073657,0.6778221256819499,0.9258644788626003,0.9177390450572583,0.7800353944716765,0.7800353944716765,0.01048438209657388,0.04253643876707233,0.018417431127829276,0.023470339227624756,0.013578046431086817,0.009070976678889864,0.021813630728599796,0.021813630728599796
57,256,5,0.3,64,0.001,1e-05,5.0,27.25,0.9038888888888889,0.5695730818373563,0.7808263922913605,0.6556973562532485,0.92000709751608,0.9085638308263145,0.7500858868031697,0.7500858868031697,0.020208107949190687,0.08131826527453506,0.01940641880014143,0.04756513077359518,0.02468091128545914,0.007781628115677215,0.017176046371205133,0.017176046371205133
58,256,6,0.0,64,0.001,1e-05,5.0,31.0,0.9177777777777777,0.6098053184622974,0.8159909358157766,0.6974981437699833,0.9311016173350687,0.926318788550252,0.7846867659937079,0.7846867659937079,0.011119338517726158,0.042386339524402544,0.0064543046931898876,0.03032432666811883,0.011758299139374047,0.006033312368946327,0.009326298111456688,0.009326298111456688
59,256,6,0.1,64,0.001,1e-05,5.0,29.25,0.9109259259259259,0.58502017391647,0.8160215580597747,0.6805025746066227,0.9233538466290659,0.9230846317336886,0.7702187432723853,0.7702187432723853,0.011671075004880547,0.04252764600606812,0.012761995462271018,0.02502332607498247,0.014878922575175584,0.009259776764737243,0.023707612213502195,0.023707612213502195
60,256,6,0.3,64,0.001,1e-05,5.0,30.0,0.9081481481481481,0.5870664600562503,0.7967397517556754,0.671564885556287,0.9227230733157264,0.9130869130677419,0.7650175745875372,0.7650175745875372,0.02400274332743652,0.10014244581674464,0.03601077714938806,0.05882260538174331,0.028924879258405162,0.008723379054609487,0.026960026363558733,0.026960026363558733
61,256,7,0.0,64,0.001,1e-05,5.0,43.0,0.9105555555555556,0.5781128467721026,0.8432141107300343,0.6859141156986891,0.9193715855050609,0.9267721430730579,0.7805857627348605,0.7805857627348605,0.008009482263362294,0.024664682087725348,0.024695092607263585,0.0254684274892931,0.005860191709848597,0.022404760416180666,0.041663588749803075,0.041663588749803075
62,256,7,0.1,64,0.001,1e-05,5.0,39.25,0.9085185185185185,0.5788599200066551,0.8176547444063368,0.6757933685917384,0.9204232253752698,0.9154131044407399,0.7666826455246283,0.7666826455246283,0.01544937304786236,0.05447500486484231,0.02834392042107124,0.02904832673170324,0.021071982426519427,0.012442525229021291,0.018710443393522302,0.018710443393522302
63,256,7,0.3,64,0.001,1e-05,5.0,48.25,0.9142592592592592,0.6023807707387312,0.7775600195982362,0.6778971875840882,0.9321441308245615,0.9059298329185916,0.7653559349390238,0.7653559349390238,0.00913997235500227,0.04003828765551017,0.028248832751851593,0.022367928182806137,0.012022966562780662,0.012567209071499568,0.02873785141687632,0.02873785141687632
64,256,8,0.0,64,0.001,1e-05,5.0,46.25,0.887962962962963,0.5110307861510285,0.7824902008819206,0.6179342410528409,0.9017789071088891,0.8932281573078802,0.7159775954512959,0.7159775954512959,0.0175747147628078,0.050508766375556687,0.0766668027668577,0.05851161139403325,0.012684698961505413,0.03047196958070982,0.05792124218811109,0.05792124218811109
65,256,8,0.1,64,0.001,1e-05,5.0,42.25,0.883888888888889,0.5009650762822205,0.8079679078882902,0.6177741305342285,0.8938243887782023,0.8980899097437546,0.741228944889054,0.741228944889054,0.013434118402993927,0.035628632858601315,0.02312851206545943,0.027749543375687722,0.0157441458494047,0.015139738126160221,0.027935352717268994,0.027935352717268994
66,256,8,0.3,64,0.001,1e-05,5.0,41.0,0.8925925925925926,0.5321152906233552,0.8047627796831618,0.6371186244731822,0.904084546790954,0.9049420378387224,0.7518324173746891,0.7518324173746891,0.02162996786476621,0.07190833793201348,0.03667988881411236,0.04028494709563422,0.028410674470264904,0.010246980442672164,0.020522976897262558,0.020522976897262558
67,256,9,0.0,64,0.001,1e-05,5.0,65.75,0.8905555555555555,0.5178505490402997,0.8399783602809081,0.6403514775440677,0.8971692073106521,0.9157171099255788,0.7536039893517212,0.7536039893517212,0.011764726055013757,0.03084868083675496,0.030203597987194967,0.02855148266480025,0.012381110525130683,0.007628460437301626,0.037350969707002815,0.037350969707002815
68,256,9,0.1,64,0.001,1e-05,5.0,37.25,0.8953703703703704,0.5467094495434837,0.7697411399640699,0.6329514857533014,0.9118416193849942,0.8901473570969417,0.7274048718439728,0.7274048718439728,0.022649190390199476,0.08897879383726359,0.06935321461921619,0.042131418410360964,0.03210415232981683,0.021762507911138523,0.03629982501060692,0.03629982501060692
69,256,9,0.3,64,0.001,1e-05,5.0,76.5,0.8948148148148148,0.5348675984826238,0.7472848276988404,0.622391890661068,0.9141351490618782,0.8828361206989359,0.7136377169559418,0.7136377169559418,0.012020406365074628,0.0400150850860704,0.044391916902183325,0.02986589807575411,0.014950800146525311,0.019928635430567814,0.045400139043888704,0.045400139043888704
70,256,10,0.0,64,0.001,1e-05,5.0,14.25,0.8735185185185186,0.5154833890047583,0.7198575044912625,0.5848319264360194,0.8935871028795838,0.8606369028401853,0.6477113598702839,0.6477113598702839,0.0648740470088667,0.1335289316277141,0.09551297550237926,0.0874698491474753,0.08207727699480684,0.034431029084541626,0.0402491764825724,0.0402491764825724
71,256,10,0.1,64,0.001,1e-05,5.0,42.75,0.866111111111111,0.46368057179092514,0.758441531928793,0.5719518051246317,0.8802162531012143,0.8703974459982649,0.6628098017986034,0.6628098017986034,0.03215403598583428,0.0750849265662101,0.0217476197894494,0.053321819649146555,0.03872936267506945,0.011291440280283973,0.030744581703849753,0.030744581703849753
72,256,10,0.3,64,0.001,1e-05,5.0,56.5,0.8848148148148148,0.5018795124889192,0.7440082475910501,0.5993419948507812,0.9032443932431085,0.8706258551117706,0.6637390540253058,0.6637390540253058,0.007066216306792209,0.01966515049048292,0.02385007524678817,0.020515212395522016,0.00605875662210737,0.011380350168068265,0.025458374322646995,0.025458374322646995
